-- MySQL dump 10.13  Distrib 5.5.47, for debian-linux-gnu (i686)
--
-- Host: localhost    Database: prophet_main
-- ------------------------------------------------------
-- Server version	5.5.47-0ubuntu0.14.04.1

/*!40101 SET @OLD_CHARACTER_SET_CLIENT=@@CHARACTER_SET_CLIENT */;
/*!40101 SET @OLD_CHARACTER_SET_RESULTS=@@CHARACTER_SET_RESULTS */;
/*!40101 SET @OLD_COLLATION_CONNECTION=@@COLLATION_CONNECTION */;
/*!40101 SET NAMES utf8 */;
/*!40103 SET @OLD_TIME_ZONE=@@TIME_ZONE */;
/*!40103 SET TIME_ZONE='+00:00' */;
/*!40014 SET @OLD_UNIQUE_CHECKS=@@UNIQUE_CHECKS, UNIQUE_CHECKS=0 */;
/*!40014 SET @OLD_FOREIGN_KEY_CHECKS=@@FOREIGN_KEY_CHECKS, FOREIGN_KEY_CHECKS=0 */;
/*!40101 SET @OLD_SQL_MODE=@@SQL_MODE, SQL_MODE='NO_AUTO_VALUE_ON_ZERO' */;
/*!40111 SET @OLD_SQL_NOTES=@@SQL_NOTES, SQL_NOTES=0 */;

--
-- Table structure for table `backup`
--

DROP TABLE IF EXISTS `backup`;
/*!40101 SET @saved_cs_client     = @@character_set_client */;
/*!40101 SET character_set_client = utf8 */;
CREATE TABLE `backup` (
  `cdnBackup` int(10) unsigned NOT NULL AUTO_INCREMENT,
  `cdnClinica` int(10) unsigned DEFAULT NULL,
  `cdnUsuario` int(10) unsigned DEFAULT NULL,
  `datBackup` datetime NOT NULL,
  `nomArquivo` varchar(100) NOT NULL,
  PRIMARY KEY (`cdnBackup`)
) ENGINE=InnoDB AUTO_INCREMENT=16 DEFAULT CHARSET=latin1;
/*!40101 SET character_set_client = @saved_cs_client */;

--
-- Dumping data for table `backup`
--

LOCK TABLES `backup` WRITE;
/*!40000 ALTER TABLE `backup` DISABLE KEYS */;
INSERT INTO `backup` VALUES (11,1,1,'2016-02-20 15:35:42','backups/1.sql'),(12,2,40,'2016-02-22 18:20:22','backups/2.sql'),(13,0,NULL,'2016-02-18 23:59:00','bakcups/geral/2016-02-18.zip'),(14,0,NULL,'2016-02-19 23:59:00','bakcups/geral/2016-02-19.zip'),(15,0,NULL,'2016-02-22 15:00:00','backups/geral/2016-02-22.zip');
/*!40000 ALTER TABLE `backup` ENABLE KEYS */;
UNLOCK TABLES;

--
-- Table structure for table `clinica`
--

DROP TABLE IF EXISTS `clinica`;
/*!40101 SET @saved_cs_client     = @@character_set_client */;
/*!40101 SET character_set_client = utf8 */;
CREATE TABLE `clinica` (
  `cdnClinica` int(10) unsigned NOT NULL AUTO_INCREMENT,
  `nomClinica` varchar(255) NOT NULL,
  `indFisica` tinyint(1) NOT NULL COMMENT 'Fisica = 1, Juridica = 0.',
  `codCpfCnpj` varchar(20) NOT NULL,
  `strEndereco` varchar(300) DEFAULT NULL,
  `nomCidade` varchar(100) DEFAULT NULL,
  `codCep` varchar(10) DEFAULT NULL,
  `codUf` varchar(2) DEFAULT NULL,
  `strEmail` varchar(255) DEFAULT NULL,
  `strSite` varchar(80) DEFAULT NULL,
  `nomFacebook` varchar(255) DEFAULT NULL,
  `numWhatsapp` varchar(20) DEFAULT NULL,
  `numTelefone1` varchar(20) DEFAULT NULL,
  `numTelefone2` varchar(20) DEFAULT NULL,
  `desClinica` text,
  `nomBanco` varchar(255) DEFAULT NULL,
  `cdnUsuario` int(10) unsigned DEFAULT NULL,
  `indProntuario` tinyint(1) NOT NULL DEFAULT '0',
  PRIMARY KEY (`cdnClinica`),
  UNIQUE KEY `codCpfCnpj` (`codCpfCnpj`)
) ENGINE=InnoDB AUTO_INCREMENT=3 DEFAULT CHARSET=utf8;
/*!40101 SET character_set_client = @saved_cs_client */;

--
-- Dumping data for table `clinica`
--

LOCK TABLES `clinica` WRITE;
/*!40000 ALTER TABLE `clinica` DISABLE KEYS */;
INSERT INTO `clinica` VALUES (1,'Clínica de Testes',0,'38.373.898/0001-16','Rua teste, 29','Bento Gonçalves','95700-000','rs','email@email.com','http://www.clinica.com.br','Facebook da Clinica','9999 9999','9999 9999','8888 8888',NULL,'testes',1,1),(2,'Odontocenter Assistence Ltda',0,'01.512.578/0001-90','Rua Ramiro Barcelos, 422 - Centro','Bento Gonçalves','95700-000','rs','atendimento@clinicaodontocenter.com.br','www.clinicaodontocenter.com.br','fanpage/odontocenterbentogoncalves','8118-5134','3055-2267','3055-2268',NULL,'odontocenter',50,1);
/*!40000 ALTER TABLE `clinica` ENABLE KEYS */;
UNLOCK TABLES;

--
-- Table structure for table `configuracoes`
--

DROP TABLE IF EXISTS `configuracoes`;
/*!40101 SET @saved_cs_client     = @@character_set_client */;
/*!40101 SET character_set_client = utf8 */;
CREATE TABLE `configuracoes` (
  `cdnClinica` int(10) unsigned NOT NULL,
  `numMinutosAvisoPrevio` int(11) NOT NULL DEFAULT '15',
  PRIMARY KEY (`cdnClinica`)
) ENGINE=InnoDB DEFAULT CHARSET=utf8;
/*!40101 SET character_set_client = @saved_cs_client */;

--
-- Dumping data for table `configuracoes`
--

LOCK TABLES `configuracoes` WRITE;
/*!40000 ALTER TABLE `configuracoes` DISABLE KEYS */;
/*!40000 ALTER TABLE `configuracoes` ENABLE KEYS */;
UNLOCK TABLES;

--
-- Table structure for table `erro`
--

DROP TABLE IF EXISTS `erro`;
/*!40101 SET @saved_cs_client     = @@character_set_client */;
/*!40101 SET character_set_client = utf8 */;
CREATE TABLE `erro` (
  `cdnErro` int(11) NOT NULL AUTO_INCREMENT,
  `strErro` text,
  `nomArquivo` text,
  `numLinha` text,
  `datErro` text,
  PRIMARY KEY (`cdnErro`)
) ENGINE=InnoDB AUTO_INCREMENT=1663 DEFAULT CHARSET=utf8;
/*!40101 SET character_set_client = @saved_cs_client */;

--
-- Dumping data for table `erro`
--

LOCK TABLES `erro` WRITE;
/*!40000 ALTER TABLE `erro` DISABLE KEYS */;
INSERT INTO `erro` VALUES (1620,'PDOStatement::execute(): SQLSTATE[42S02]: Base table or view not found: 1146 Table \'prophet_main.dentista\' doesn\'t exist','/var/www/html/modelo/Modelo.class.php','298','2016-02-18 13:57:15'),(1621,'PDOStatement::execute(): SQLSTATE[42S02]: Base table or view not found: 1146 Table \'prophet_main.dentista\' doesn\'t exist','/var/www/html/modelo/Modelo.class.php','298','2016-02-18 13:57:28'),(1622,'PDOStatement::execute(): SQLSTATE[42S02]: Base table or view not found: 1146 Table \'prophet_main.paciente\' doesn\'t exist','/var/www/html/modelo/Modelo.class.php','298','2016-02-18 13:57:32'),(1623,'PDOStatement::execute(): SQLSTATE[42S02]: Base table or view not found: 1146 Table \'prophet_main.areaatuacao\' doesn\'t exist','/var/www/html/modelo/Modelo.class.php','298','2016-02-18 13:57:32'),(1624,'PDOStatement::execute(): SQLSTATE[42S02]: Base table or view not found: 1146 Table \'prophet_main.consultorio\' doesn\'t exist','/var/www/html/modelo/Modelo.class.php','298','2016-02-18 13:57:32'),(1625,'PDOStatement::execute(): SQLSTATE[42S02]: Base table or view not found: 1146 Table \'prophet_main.dentista\' doesn\'t exist','/var/www/html/modelo/Modelo.class.php','298','2016-02-18 13:57:32'),(1626,'Undefined index: cdnUsuario','/var/www/html/controlador/ControleUsuario.class.php','38','2016-02-18 16:30:42'),(1627,'PDOStatement::execute(): SQLSTATE[42S02]: Base table or view not found: 1146 Table \'prophet_main.dentista\' doesn\'t exist','/var/www/html/modelo/Modelo.class.php','298','2016-02-18 16:30:42'),(1628,'PDOStatement::execute(): SQLSTATE[42S02]: Base table or view not found: 1146 Table \'prophet_main.frase\' doesn\'t exist','/var/www/html/modelo/Modelo.class.php','298','2016-02-18 16:30:42'),(1629,'PDOStatement::execute(): SQLSTATE[42S02]: Base table or view not found: 1146 Table \'prophet_main.consultorio\' doesn\'t exist','/var/www/html/modelo/Modelo.class.php','298','2016-02-18 18:10:48'),(1630,'PDOStatement::execute(): SQLSTATE[42S02]: Base table or view not found: 1146 Table \'prophet_main.consultorio\' doesn\'t exist','/var/www/html/modelo/Modelo.class.php','298','2016-02-18 18:41:08'),(1631,'PDOStatement::execute(): SQLSTATE[42S02]: Base table or view not found: 1146 Table \'prophet_main.dentista\' doesn\'t exist','/var/www/html/modelo/Modelo.class.php','298','2016-02-18 22:30:00'),(1632,'PDOStatement::execute(): SQLSTATE[42S02]: Base table or view not found: 1146 Table \'prophet_main.dentista\' doesn\'t exist','/var/www/html/modelo/Modelo.class.php','298','2016-02-18 22:30:01'),(1633,'PDOStatement::execute(): SQLSTATE[42S02]: Base table or view not found: 1146 Table \'prophet_main.dentista\' doesn\'t exist','/var/www/html/modelo/Modelo.class.php','298','2016-02-19 08:10:16'),(1634,'PDOStatement::execute(): SQLSTATE[42S02]: Base table or view not found: 1146 Table \'prophet_main.schema_campo\' doesn\'t exist','/var/www/html/modelo/Modelo.class.php','298','2016-02-19 14:39:22'),(1635,'PDOStatement::execute(): SQLSTATE[42S02]: Base table or view not found: 1146 Table \'prophet_main.schema_campo\' doesn\'t exist','/var/www/html/modelo/Modelo.class.php','298','2016-02-19 14:39:22'),(1636,'PDOStatement::execute(): SQLSTATE[42S02]: Base table or view not found: 1146 Table \'prophet_main.schema_campo\' doesn\'t exist','/var/www/html/modelo/Modelo.class.php','298','2016-02-19 14:39:28'),(1637,'PDOStatement::execute(): SQLSTATE[42S02]: Base table or view not found: 1146 Table \'prophet_main.schema_campo\' doesn\'t exist','/var/www/html/modelo/Modelo.class.php','298','2016-02-19 14:39:28'),(1638,'Array to string conversion','/var/www/html/plugins/datatables/SSP.class.php','345','2016-02-19 14:39:28'),(1639,'PDOStatement::execute(): SQLSTATE[42S02]: Base table or view not found: 1146 Table \'prophet_main.schema_campo\' doesn\'t exist','/var/www/html/modelo/Modelo.class.php','298','2016-02-19 14:40:40'),(1640,'PDOStatement::execute(): SQLSTATE[42S02]: Base table or view not found: 1146 Table \'prophet_main.schema_campo\' doesn\'t exist','/var/www/html/modelo/Modelo.class.php','298','2016-02-19 14:40:40'),(1641,'PDOStatement::execute(): SQLSTATE[42S02]: Base table or view not found: 1146 Table \'prophet_main.schema_campo\' doesn\'t exist','/var/www/html/modelo/Modelo.class.php','298','2016-02-19 14:40:49'),(1642,'PDOStatement::execute(): SQLSTATE[42S02]: Base table or view not found: 1146 Table \'prophet_main.schema_campo\' doesn\'t exist','/var/www/html/modelo/Modelo.class.php','298','2016-02-19 14:40:49'),(1643,'PDOStatement::execute(): SQLSTATE[42S02]: Base table or view not found: 1146 Table \'prophet_main.schema_campo\' doesn\'t exist','/var/www/html/modelo/Modelo.class.php','298','2016-02-19 14:40:49'),(1644,'PDOStatement::execute(): SQLSTATE[42S02]: Base table or view not found: 1146 Table \'prophet_main.schema_campo\' doesn\'t exist','/var/www/html/modelo/Modelo.class.php','298','2016-02-19 14:40:49'),(1645,'PDOStatement::execute(): SQLSTATE[42S02]: Base table or view not found: 1146 Table \'prophet_main.paciente\' doesn\'t exist','/var/www/html/modelo/Modelo.class.php','94','2016-02-19 14:40:49'),(1646,'PDOStatement::execute(): SQLSTATE[42S02]: Base table or view not found: 1146 Table \'prophet_main.schema_campo\' doesn\'t exist','/var/www/html/modelo/Modelo.class.php','298','2016-02-19 14:40:55'),(1647,'PDOStatement::execute(): SQLSTATE[42S02]: Base table or view not found: 1146 Table \'prophet_main.schema_campo\' doesn\'t exist','/var/www/html/modelo/Modelo.class.php','298','2016-02-19 14:40:55'),(1648,'PDOStatement::execute(): SQLSTATE[42S02]: Base table or view not found: 1146 Table \'prophet_main.schema_campo\' doesn\'t exist','/var/www/html/modelo/Modelo.class.php','298','2016-02-19 14:41:10'),(1649,'PDOStatement::execute(): SQLSTATE[42S02]: Base table or view not found: 1146 Table \'prophet_main.schema_campo\' doesn\'t exist','/var/www/html/modelo/Modelo.class.php','298','2016-02-19 14:41:10'),(1650,'PDOStatement::execute(): SQLSTATE[42S02]: Base table or view not found: 1146 Table \'prophet_main.schema_campo\' doesn\'t exist','/var/www/html/modelo/Modelo.class.php','298','2016-02-19 14:41:10'),(1651,'PDOStatement::execute(): SQLSTATE[42S02]: Base table or view not found: 1146 Table \'prophet_main.schema_campo\' doesn\'t exist','/var/www/html/modelo/Modelo.class.php','298','2016-02-19 14:41:10'),(1652,'PDOStatement::execute(): SQLSTATE[42S02]: Base table or view not found: 1146 Table \'prophet_main.paciente\' doesn\'t exist','/var/www/html/modelo/Modelo.class.php','94','2016-02-19 14:41:10'),(1653,'Undefined index: cdnConsultorio','/var/www/html/modelo/Modelo.class.php','427','2016-02-19 14:42:16'),(1654,'Undefined index: cdnConsultorio','/var/www/html/modelo/Modelo.class.php','427','2016-02-19 15:30:15'),(1655,'Undefined index: cdnConsultorio','/var/www/html/modelo/Modelo.class.php','427','2016-02-19 15:41:49'),(1656,'Undefined index: cdnConsultorio','/var/www/html/modelo/Modelo.class.php','427','2016-02-19 15:50:38'),(1657,'Undefined index: cdnUsuario','/var/www/html/controlador/ControleAgenda.class.php','31','2016-02-19 19:40:08'),(1658,'PDOStatement::execute(): SQLSTATE[42S02]: Base table or view not found: 1146 Table \'prophet_main.agenda_tipoevento\' doesn\'t exist','/var/www/html/modelo/Modelo.class.php','298','2016-02-19 19:40:08'),(1659,'PDOStatement::execute(): SQLSTATE[42S02]: Base table or view not found: 1146 Table \'prophet_main.paciente\' doesn\'t exist','/var/www/html/modelo/Modelo.class.php','298','2016-02-22 13:26:06'),(1660,'PDOStatement::execute(): SQLSTATE[42S02]: Base table or view not found: 1146 Table \'prophet_main.areaatuacao\' doesn\'t exist','/var/www/html/modelo/Modelo.class.php','298','2016-02-22 13:26:06'),(1661,'PDOStatement::execute(): SQLSTATE[42S02]: Base table or view not found: 1146 Table \'prophet_main.consultorio\' doesn\'t exist','/var/www/html/modelo/Modelo.class.php','298','2016-02-22 13:26:06'),(1662,'PDOStatement::execute(): SQLSTATE[42S02]: Base table or view not found: 1146 Table \'prophet_main.dentista\' doesn\'t exist','/var/www/html/modelo/Modelo.class.php','298','2016-02-22 13:26:06');
/*!40000 ALTER TABLE `erro` ENABLE KEYS */;
UNLOCK TABLES;

--
-- Table structure for table `estilo`
--

DROP TABLE IF EXISTS `estilo`;
/*!40101 SET @saved_cs_client     = @@character_set_client */;
/*!40101 SET character_set_client = utf8 */;
CREATE TABLE `estilo` (
  `cdnUsuario` int(10) unsigned NOT NULL,
  `nomSkin` varchar(20) DEFAULT NULL,
  `nomFundoConteudo` varchar(20) DEFAULT NULL,
  `nomFundoHeader` varchar(20) DEFAULT NULL,
  `nomBotaoPrimario` varchar(20) DEFAULT NULL,
  `nomBotaoSucesso` varchar(20) NOT NULL,
  PRIMARY KEY (`cdnUsuario`)
) ENGINE=InnoDB DEFAULT CHARSET=utf8;
/*!40101 SET character_set_client = @saved_cs_client */;

--
-- Dumping data for table `estilo`
--

LOCK TABLES `estilo` WRITE;
/*!40000 ALTER TABLE `estilo` DISABLE KEYS */;
INSERT INTO `estilo` VALUES (1,'','gray-bg','navy-bg','',''),(2,'skin-1','gray-bg','navy-bg','',''),(3,'','gray-bg','blue-bg','',''),(4,'','gray-bg','pink-bg','',''),(5,'','gray-bg','pink-bg','',''),(6,'','gray-bg','pink-bg','',''),(7,'','gray-bg','pink-bg','blue-bg','lazur-bg'),(8,'','pink-bg','navy-bg','blue-bg','blue-bg'),(9,'','gray-bg','pink-bg','blue-bg',''),(10,'','white-bg','blue-bg','',''),(37,'','gray-bg','navy-bg','',''),(38,'','gray-bg','navy-bg','pink-bg','red-bg');
/*!40000 ALTER TABLE `estilo` ENABLE KEYS */;
UNLOCK TABLES;

--
-- Table structure for table `log`
--

DROP TABLE IF EXISTS `log`;
/*!40101 SET @saved_cs_client     = @@character_set_client */;
/*!40101 SET character_set_client = utf8 */;
CREATE TABLE `log` (
  `cdnLog` int(11) NOT NULL AUTO_INCREMENT,
  `strInformacao` text,
  `datLog` datetime DEFAULT NULL,
  `strTipo` text,
  `strOperacao` text,
  `cdnUsuario` text,
  `nomModulo` text,
  PRIMARY KEY (`cdnLog`)
) ENGINE=InnoDB AUTO_INCREMENT=672 DEFAULT CHARSET=utf8;
/*!40101 SET character_set_client = @saved_cs_client */;

--
-- Dumping data for table `log`
--

LOCK TABLES `log` WRITE;
/*!40000 ALTER TABLE `log` DISABLE KEYS */;
INSERT INTO `log` VALUES (576,'rafael@bentonet.com.br','2016-02-18 07:34:45','SUCESSO','LOGIN','1','MAIN'),(577,'profeta@clinicaodontocenter.com.br','2016-02-18 08:11:11','SUCESSO','LOGIN','50','MAIN'),(578,'profeta@clinicaodontocenter.com.br','2016-02-18 09:05:39','SUCESSO','LOGIN','50','MAIN'),(579,'SISTEMA','2016-02-18 09:34:45','SUCESSO','MASTER','50','MAIN'),(580,'luciane301@yahoo.com.br','2016-02-18 10:00:51','ERRO','LOGIN',NULL,'MAIN'),(581,'luciane301@yahoo.com.br','2016-02-18 10:01:15','ERRO','LOGIN',NULL,'MAIN'),(582,'luciane301@yahoo.com.br','2016-02-18 10:01:44','SUCESSO','LOGIN','40','MAIN'),(583,'luciane301@yahoo.com.br','2016-02-18 10:07:09','SUCESSO','LOGIN','40','MAIN'),(584,'luciane301@yahoo.com.br','2016-02-18 10:18:20','SUCESSO','LOGIN','40','MAIN'),(585,'profeta@clinicaodontocenter.com.br','2016-02-18 10:21:33','SUCESSO','LOGIN','50','MAIN'),(586,'luciane301@yahoo.com.br','2016-02-18 13:57:50','SUCESSO','LOGIN','40','MAIN'),(587,'luciane301@yahoo.com.br','2016-02-18 14:11:38','SUCESSO','LOGIN','40','MAIN'),(588,'denisecostaca@hotmail.com','2016-02-18 14:40:46','SUCESSO','LOGIN','47','MAIN'),(589,'profeta@clinicaodontocenter.com.br','2016-02-18 14:50:48','SUCESSO','LOGIN','50','MAIN'),(590,'luciane301@yahoo.com.br','2016-02-18 15:44:25','SUCESSO','LOGIN','40','MAIN'),(591,'profeta@clinicaodontocenter.com.br','2016-02-18 16:05:04','SUCESSO','LOGIN','50','MAIN'),(592,'luciane301@yahoo.com.br','2016-02-18 16:47:47','SUCESSO','LOGIN','40','MAIN'),(593,'fepulga@yahoo.com.br','2016-02-18 16:48:51','SUCESSO','LOGIN','44','MAIN'),(594,'luciane301@yahoo.com.br','2016-02-18 16:50:35','SUCESSO','LOGIN','40','MAIN'),(595,'luciane301@yahoo.com.br','2016-02-18 17:16:18','SUCESSO','LOGIN','40','MAIN'),(596,'reisimone@yahoo.com.br','2016-02-18 17:59:51','ERRO','LOGIN',NULL,'MAIN'),(597,'reisimone@yahoo.com.br','2016-02-18 18:00:04','ERRO','LOGIN',NULL,'MAIN'),(598,'profeta@clinicaodontocenter.com.br','2016-02-18 18:00:16','SUCESSO','LOGIN','50','MAIN'),(599,'reisimone@yahoo.com.br','2016-02-18 18:02:58','ERRO','LOGIN',NULL,'MAIN'),(600,'profeta@clinicaodontocenter.com.br','2016-02-18 18:03:05','SUCESSO','LOGIN','50','MAIN'),(601,'46','2016-02-18 18:08:58','SUCESSO','ATUALIZACAO','50','PERMISSAO'),(602,'42','2016-02-18 18:09:40','SUCESSO','ATUALIZACAO','50','PERMISSAO'),(603,'44','2016-02-18 18:10:35','SUCESSO','ATUALIZACAO','50','PERMISSAO'),(604,'reisimone@yahoo.com.br','2016-02-18 18:10:48','SUCESSO','LOGIN','36','MAIN'),(605,'luciane301@yahoo.com.br','2016-02-18 18:16:16','SUCESSO','LOGIN','40','MAIN'),(606,'luciane301@yahoo.com.br','2016-02-18 18:34:03','SUCESSO','LOGIN','40','MAIN'),(607,'andretonietto@hotmail.com','2016-02-18 18:41:08','SUCESSO','LOGIN','42','MAIN'),(608,'bhills_3549@mailinator.com','2016-02-18 18:49:37','ERRO','LOGIN',NULL,'MAIN'),(609,'genilzete@yahoo.com','2016-02-18 19:00:29','SUCESSO','LOGIN','39','MAIN'),(610,'profeta@clinicaodontocenter.com.br','2016-02-19 00:29:11','SUCESSO','LOGIN','50','MAIN'),(611,'proheta@clinicaodontocenter.com.br','2016-02-19 08:10:50','ERRO','LOGIN',NULL,'MAIN'),(612,'profeta@clinicaodontocenter.com.br','2016-02-19 08:11:31','SUCESSO','LOGIN','50','MAIN'),(613,'luciane301@yahoo.com.br','2016-02-19 09:58:36','SUCESSO','LOGIN','40','MAIN'),(614,'sandra@clinicaodontocenter.com.br','2016-02-19 10:09:05','SUCESSO','LOGIN','38','MAIN'),(615,'profeta@clinicaodontocenter.com.br','2016-02-19 10:14:56','SUCESSO','LOGIN','50','MAIN'),(616,'luciane301@yahoo.com.br','2016-02-19 11:28:03','SUCESSO','LOGIN','40','MAIN'),(617,'fepulga@yahoo.com.br','2016-02-19 13:18:01','ERRO','LOGIN',NULL,'MAIN'),(618,'fepulga@yahoo.com.br','2016-02-19 13:18:20','ERRO','LOGIN',NULL,'MAIN'),(619,'fepulga@yahoo.com.br','2016-02-19 13:18:40','ERRO','LOGIN',NULL,'MAIN'),(620,'fepulga@yahoo.com.br','2016-02-19 13:19:52','ERRO','LOGIN',NULL,'MAIN'),(621,'fepulga@yahoo.com.br','2016-02-19 13:20:00','ERRO','LOGIN',NULL,'MAIN'),(622,'fepulga@yahoo.com.br','2016-02-19 13:20:56','ERRO','LOGIN',NULL,'MAIN'),(623,'luciane301@yahoo.com.br','2016-02-19 14:00:29','SUCESSO','LOGIN','40','MAIN'),(624,'profeta@clinicaodontocenter.com.br','2016-02-19 14:00:38','SUCESSO','LOGIN','50','MAIN'),(625,'bruna_bento@hotmail.com','2016-02-19 14:02:37','SUCESSO','LOGIN','49','MAIN'),(626,'luciane301@yahoo.com.br','2016-02-19 14:25:34','SUCESSO','LOGIN','40','MAIN'),(627,'luciane301@yahoo.com.br','2016-02-19 14:41:20','SUCESSO','LOGIN','40','MAIN'),(628,'ciclano@email.com','2016-02-19 14:42:16','SUCESSO','LOGIN','34','MAIN'),(629,'luciane301@yahoo.com.br','2016-02-19 14:48:38','SUCESSO','LOGIN','40','MAIN'),(630,'ciclano@email.com','2016-02-19 15:30:15','SUCESSO','LOGIN','34','MAIN'),(631,'genilzete@yahoo.com','2016-02-19 15:35:41','SUCESSO','LOGIN','39','MAIN'),(632,'ciclano@email.com','2016-02-19 15:41:49','SUCESSO','LOGIN','34','MAIN'),(633,'profeta@clinicaodontocenter.com.br','2016-02-19 15:46:22','SUCESSO','LOGIN','50','MAIN'),(634,'ciclano@email.com','2016-02-19 15:50:38','SUCESSO','LOGIN','34','MAIN'),(635,'profeta@clinicaodontocenter.com.br','2016-02-19 15:59:26','SUCESSO','LOGIN','50','MAIN'),(636,'luciane301@yahoo.com.br','2016-02-19 16:03:25','SUCESSO','LOGIN','40','MAIN'),(637,'genilzete@yahoo.com','2016-02-19 16:06:50','SUCESSO','LOGIN','39','MAIN'),(638,'genilzete@yahoo.com','2016-02-19 17:22:33','SUCESSO','LOGIN','39','MAIN'),(639,'genilzete@yahoo.com','2016-02-19 17:24:36','SUCESSO','LOGIN','39','MAIN'),(640,'rafael@bentonet.com.br','2016-02-19 17:25:37','ERRO','LOGIN',NULL,'MAIN'),(641,'rafael@bentonet.com.br','2016-02-19 17:25:40','SUCESSO','LOGIN','1','MAIN'),(642,'ciclano@email.com','2016-02-19 17:26:23','SUCESSO','LOGIN','34','MAIN'),(643,'reisimone@yahoo.com.br','2016-02-19 17:50:53','SUCESSO','LOGIN','36','MAIN'),(644,'luciane301@yahoo.com.br','2016-02-19 17:52:09','SUCESSO','LOGIN','40','MAIN'),(645,'luciane301@yahoo.com.br','2016-02-19 17:57:37','SUCESSO','LOGIN','40','MAIN'),(646,'genilzete@yahoo.com','2016-02-19 17:59:02','SUCESSO','LOGIN','39','MAIN'),(647,'sandra@clinicaodontocenter.com.br','2016-02-19 19:14:05','SUCESSO','LOGIN','38','MAIN'),(648,'ciclano@email.com','2016-02-19 19:40:17','SUCESSO','LOGIN','34','MAIN'),(649,'rafael@bentonet.com.br','2016-02-20 15:35:05','SUCESSO','LOGIN','1','MAIN'),(650,'luciane301@yahoo.com.br','2016-02-22 09:15:51','SUCESSO','LOGIN','40','MAIN'),(651,'sandra@clinicaodontocenter.com.br','2016-02-22 09:32:05','SUCESSO','LOGIN','38','MAIN'),(652,'sandra@clinicaodontocenter.com.br','2016-02-22 09:32:05','SUCESSO','LOGIN','38','MAIN'),(653,'sandra@clinicaodontocenter.com.br','2016-02-22 09:45:42','SUCESSO','LOGIN','38','MAIN'),(654,'luciane301@yahoo.com.br','2016-02-22 11:05:19','SUCESSO','LOGIN','40','MAIN'),(655,'luciane301@yahoo.com.br','2016-02-22 11:20:29','SUCESSO','LOGIN','40','MAIN'),(656,'luciane301@yahoo.com.br','2016-02-22 13:27:20','SUCESSO','LOGIN','40','MAIN'),(657,'luciane301@yahoo.com.br','2016-02-22 13:43:25','SUCESSO','LOGIN','40','MAIN'),(658,'bruna_bento@hotmail.com','2016-02-22 13:43:35','ERRO','LOGIN',NULL,'MAIN'),(659,'bruna_bento@hotmail.com','2016-02-22 13:43:45','SUCESSO','LOGIN','49','MAIN'),(660,'luciane3012@yahoo.com.br','2016-02-22 13:49:38','ERRO','LOGIN',NULL,'MAIN'),(661,'luciane301@yahoo.com.br','2016-02-22 14:57:33','SUCESSO','LOGIN','40','MAIN'),(662,'sandra@clinicaodontocenter.com.br','2016-02-22 16:03:27','SUCESSO','LOGIN','38','MAIN'),(663,'sandra@clinicaodontocenter.com.br','2016-02-22 16:06:52','SUCESSO','LOGIN','38','MAIN'),(664,'luciane301@yahoo.com.br','2016-02-22 16:54:46','SUCESSO','LOGIN','40','MAIN'),(665,'profeta@clinicaodontocenter.com.br','2016-02-22 16:56:59','SUCESSO','LOGIN','50','MAIN'),(666,'reisimone@yahoo.com.br','2016-02-22 17:01:37','SUCESSO','LOGIN','36','MAIN'),(667,'reisimone@yahoo.com.br','2016-02-22 17:02:18','SUCESSO','LOGIN','36','MAIN'),(668,'bruna_bento@hotmail.com','2016-02-22 17:51:28','ERRO','LOGIN',NULL,'MAIN'),(669,'bruna_bento@hotmail.com','2016-02-22 17:51:44','ERRO','LOGIN',NULL,'MAIN'),(670,'bruna_bento@hotmail.com','2016-02-22 17:51:57','SUCESSO','LOGIN','49','MAIN'),(671,'sandra@clinicaodontocenter.com.br','2016-02-22 19:01:21','SUCESSO','LOGIN','38','MAIN');
/*!40000 ALTER TABLE `log` ENABLE KEYS */;
UNLOCK TABLES;

--
-- Table structure for table `usuario`
--

DROP TABLE IF EXISTS `usuario`;
/*!40101 SET @saved_cs_client     = @@character_set_client */;
/*!40101 SET character_set_client = utf8 */;
CREATE TABLE `usuario` (
  `cdnUsuario` int(10) unsigned NOT NULL AUTO_INCREMENT,
  `cdnClinica` int(10) unsigned NOT NULL,
  `strEmail` varchar(255) NOT NULL,
  `strSenha` text NOT NULL,
  `nomUsuario` varchar(300) NOT NULL,
  PRIMARY KEY (`cdnUsuario`),
  KEY `cdnClinica` (`cdnClinica`)
) ENGINE=InnoDB AUTO_INCREMENT=51 DEFAULT CHARSET=utf8;
/*!40101 SET character_set_client = @saved_cs_client */;

--
-- Dumping data for table `usuario`
--

LOCK TABLES `usuario` WRITE;
/*!40000 ALTER TABLE `usuario` DISABLE KEYS */;
INSERT INTO `usuario` VALUES (1,1,'rafael@bentonet.com.br','$2a$12$jALKAJSeqwnaSEnxcjaye.Hy6NJq/5pGpG26Md7IfStGZni2Za33S','Rafael de Paula'),(22,1,'fulano@email.com','$2a$12$jALKAJSeqwnaSEnxcjaye.CRV0CJ1DE2Hry/iotOORTEmnAPwIw2K','Fulano'),(34,1,'ciclano@email.com','$2a$12$jALKAJSeqwnaSEnxcjaye.Hy6NJq/5pGpG26Md7IfStGZni2Za33S','Ciclano'),(35,1,'email@email.com','$2a$12$jALKAJSeqwnaSEnxcjaye.Hy6NJq/5pGpG26Md7IfStGZni2Za33S','Fulano de Tal'),(36,2,'reisimone@yahoo.com.br','$2a$12$jALKAJSeqwnaSEnxcjaye.Hy6NJq/5pGpG26Md7IfStGZni2Za33S','Simone Reis'),(37,1,'felipezcanal@gmail.com','$2a$12$jALKAJSeqwnaSEnxcjaye.Hy6NJq/5pGpG26Md7IfStGZni2Za33S','Felipe Zago Canal'),(38,2,'sandra@clinicaodontocenter.com.br','$2a$12$jALKAJSeqwnaSEnxcjaye.MU988PLiTjwr6fznMJ3L151MhN/nvOi','Sandra Deretti'),(39,2,'genilzete@yahoo.com','$2a$12$jALKAJSeqwnaSEnxcjaye.VqMexDgbShPyqHOB6YYrxx2NP4o7JgO','Enilzete Marcon Gehlen'),(40,2,'luciane301@yahoo.com.br','$2a$12$jALKAJSeqwnaSEnxcjaye.vKEUf6Hkjt66sFKswTmMZBO4ulg3c6O','Luciane de Almeida'),(41,1,'emer@bentonet.com.br','$2a$12$jALKAJSeqwnaSEnxcjaye.Hy6NJq/5pGpG26Md7IfStGZni2Za33S','Emerson de Paula'),(42,2,'andretonietto@hotmail.com','$2a$12$jALKAJSeqwnaSEnxcjaye.MU988PLiTjwr6fznMJ3L151MhN/nvOi','André Tonietto'),(44,2,'fepulga@yahoo.com.br','$2a$12$jALKAJSeqwnaSEnxcjaye.dJ5Kj1md3Q6b0WdH0kMmrXKVPrNhV..','Fernanda Pulga'),(46,2,'gabi.galon@hotmail.com','$2a$12$jALKAJSeqwnaSEnxcjaye.n/f5VpIHtqyFukAZlKJTfBzDvFmkmCq','Gabriela Galon Borges'),(47,2,'denisecostaca@hotmail.com','$2a$12$jALKAJSeqwnaSEnxcjaye..Mew36mHdrWZbV9mIDPLz8f2ItRySTi','Denise Costa'),(48,2,'gisseldacolpo@hotmai.com','$2a$12$jALKAJSeqwnaSEnxcjaye.mgUjZgB5y0lALqdWyiUjt/Mqnt9pyEi','Gisselda Colpo'),(49,2,'bruna_bento@hotmail.com','$2a$12$jALKAJSeqwnaSEnxcjaye.4N51g2aFjdExPlICE9b0iMW/cV/JMIq','Bruna Costa'),(50,2,'profeta@clinicaodontocenter.com.br','$2a$12$jALKAJSeqwnaSEnxcjaye.Hy6NJq/5pGpG26Md7IfStGZni2Za33S','Odontocenter');
/*!40000 ALTER TABLE `usuario` ENABLE KEYS */;
UNLOCK TABLES;

--
-- Table structure for table `usuario_permissao`
--

DROP TABLE IF EXISTS `usuario_permissao`;
/*!40101 SET @saved_cs_client     = @@character_set_client */;
/*!40101 SET character_set_client = utf8 */;
CREATE TABLE `usuario_permissao` (
  `cdnUsuario` int(10) unsigned NOT NULL,
  `strPermissao` text NOT NULL,
  PRIMARY KEY (`cdnUsuario`)
) ENGINE=InnoDB DEFAULT CHARSET=latin1;
/*!40101 SET character_set_client = @saved_cs_client */;

--
-- Dumping data for table `usuario_permissao`
--

LOCK TABLES `usuario_permissao` WRITE;
/*!40000 ALTER TABLE `usuario_permissao` DISABLE KEYS */;
INSERT INTO `usuario_permissao` VALUES (1,'agenda1|agenda2|agenda3|agenda4|agenda5|agenda6|agenda7|agenda8|agenda9|agenda10|agenda11|agenda12|dentista10|dentista11|dentista12|dentista13|dentista14|dentista15|campo1|campo2|campo3|areaAtuacao5|areaAtuacao6|areaAtuacao9|areaAtuacao10|areaAtuacao1|areaAtuacao2|areaAtuacao3|areaAtuacao4|areaAtuacao7|areaAtuacao8|clinica3|clinica1|clinica2|paciente5|paciente6|paciente9|paciente10|paciente11|cronometro1|cronometro2|cronometro3|cronometro4|cronometro5|cronometro6|cronometro7|cronometro8|cronometro9|cronometro10|cronometro11|cronometro12|clinicaRadiologica5|clinicaRadiologica6|clinicaRadiologica1|clinicaRadiologica2|clinicaRadiologica3|clinicaRadiologica4|clinicaRadiologica7|clinicaRadiologica8|colaborador5|colaborador6|main3|colaborador1|colaborador2|colaborador3|colaborador4|colaborador7|colaborador8|consulta4|consulta5|consulta3|desmarque5|procedimento5|procedimento9|consultorio5|consultorio6|consultorio9|secao8|secao9|consulta1|consulta2|consulta6|paciente12|paciente13|consulta9|consulta10|consulta7|consulta8|consultorio1|consultorio2|consultorio3|consultorio4|consultorio7|consultorio8|dentista5|dentista6|dentista1|dentista2|dentista9|dentista3|dentista4|dentista7|dentista8|desmarque1|desmarque2|desmarque3|desmarque4|falta3|falta4|fichaClinica1|fichaClinica2|fichaClinica3|fichaClinica4|fichaClinica5|fichaClinica6|fornecedor5|fornecedor6|fornecedor1|fornecedor2|fornecedor3|fornecedor4|fornecedor7|fornecedor8|main1|main2|paciente1|paciente2|paciente3|paciente4|paciente7|paciente8|parceria5|parceria6|parceria3|parceria4|parceria7|parceria8|procedimento1|procedimento2|procedimento3|procedimento4|procedimento6|procedimento7|prontuario5|prontuario6|prontuario1|prontuario2|prontuario3|prontuario4|prontuario7|prontuario8|prontuario9|prontuario10|prontuario11|prontuario14|prontuario12|prontuario13|prontuario15|prontuario16|questionario5|questionario6|questionario1|questionario2|questionario11|questionario12|questionario3|questionario4|questionario13|questionario14|questionario9|questionario10|questionario17|secao5|secao1|secao2|secao3|secao4|secao6|secao7|usuario5|usuario6|usuario1|usuario2|usuario3|usuario4|usuario7|usuario8|permissao1|permissao2|orcamento3|orcamento4|orcamento1|orcamento2|orcamento5|orcamento6|pagamento1|pagamento2'),(22,'agenda1|agenda2|agenda3|agenda4|agenda5|agenda6|agenda7|agenda8|agenda9|agenda10|agenda11|agenda12|dentista10|dentista11|dentista12|dentista13|dentista14|dentista15|campo1|campo2|campo3|areaAtuacao5|areaAtuacao6|areaAtuacao9|areaAtuacao10|areaAtuacao1|areaAtuacao2|areaAtuacao3|areaAtuacao4|areaAtuacao7|areaAtuacao8|clinica3|clinica1|clinica2|paciente5|paciente6|paciente9|paciente10|paciente11|cronometro1|cronometro2|cronometro3|cronometro4|cronometro5|cronometro6|cronometro7|cronometro8|cronometro9|cronometro10|cronometro11|cronometro12|clinicaRadiologica5|clinicaRadiologica6|clinicaRadiologica1|clinicaRadiologica2|clinicaRadiologica3|clinicaRadiologica4|clinicaRadiologica7|clinicaRadiologica8|colaborador5|colaborador6|main3|colaborador1|colaborador2|colaborador3|colaborador4|colaborador7|colaborador8|consulta4|consulta5|consulta3|desmarque5|procedimento5|procedimento9|consultorio5|consultorio6|consultorio9|secao8|secao9|consulta1|consulta2|consulta6|paciente12|paciente13|consulta9|consulta10|consulta7|consulta8|consultorio1|consultorio2|consultorio3|consultorio4|consultorio7|consultorio8|dentista5|dentista6|dentista1|dentista2|dentista9|dentista3|dentista4|dentista7|dentista8|desmarque1|desmarque2|desmarque3|desmarque4|falta3|falta4|fichaClinica1|fichaClinica2|fichaClinica3|fichaClinica4|fichaClinica5|fichaClinica6|fornecedor5|fornecedor6|fornecedor1|fornecedor2|fornecedor3|fornecedor4|fornecedor7|fornecedor8|main1|main2|paciente1|paciente2|paciente3|paciente4|paciente7|paciente8|parceria5|parceria6|parceria3|parceria4|parceria7|parceria8|procedimento1|procedimento2|procedimento3|procedimento4|procedimento6|procedimento7|prontuario5|prontuario6|prontuario1|prontuario2|prontuario3|prontuario4|prontuario7|prontuario8|prontuario9|prontuario10|prontuario11|prontuario14|prontuario12|prontuario13|prontuario15|prontuario16|questionario5|questionario6|questionario1|questionario2|questionario11|questionario12|questionario3|questionario4|questionario13|questionario14|questionario9|questionario10|questionario17|secao5|secao1|secao2|secao3|secao4|secao6|secao7|usuario5|usuario6|usuario1|usuario2|usuario3|usuario4|usuario7|usuario8|permissao1|permissao2|orcamento3|orcamento4|orcamento1|orcamento2|orcamento5|orcamento6|pagamento1|pagamento2'),(34,'agenda1|agenda2|agenda3|agenda4|agenda5|agenda6|agenda7|agenda8|agenda9|agenda10|agenda11|agenda12|dentista10|dentista11|dentista12|dentista13|dentista14|dentista15|campo1|campo2|campo3|areaAtuacao5|areaAtuacao6|areaAtuacao9|areaAtuacao10|areaAtuacao1|areaAtuacao2|areaAtuacao3|areaAtuacao4|areaAtuacao7|areaAtuacao8|clinica3|clinica1|clinica2|paciente5|paciente6|paciente9|paciente10|paciente11|cronometro1|cronometro2|cronometro3|cronometro4|cronometro5|cronometro6|cronometro7|cronometro8|cronometro9|cronometro10|cronometro11|cronometro12|clinicaRadiologica5|clinicaRadiologica6|clinicaRadiologica1|clinicaRadiologica2|clinicaRadiologica3|clinicaRadiologica4|clinicaRadiologica7|clinicaRadiologica8|colaborador5|colaborador6|main3|colaborador1|colaborador2|colaborador3|colaborador4|colaborador7|colaborador8|consulta4|consulta5|consulta3|desmarque5|procedimento5|procedimento9|consultorio5|consultorio6|consultorio9|secao8|secao9|consulta1|consulta2|consulta6|paciente12|paciente13|consulta9|consulta10|consulta7|consulta8|consultorio1|consultorio2|consultorio3|consultorio4|consultorio7|consultorio8|dentista5|dentista6|dentista1|dentista2|dentista9|dentista3|dentista4|dentista7|dentista8|desmarque1|desmarque2|desmarque3|desmarque4|falta3|falta4|fichaClinica1|fichaClinica2|fichaClinica3|fichaClinica4|fichaClinica5|fichaClinica6|fornecedor5|fornecedor6|fornecedor1|fornecedor2|fornecedor3|fornecedor4|fornecedor7|fornecedor8|main1|main2|paciente1|paciente2|paciente3|paciente4|paciente7|paciente8|parceria5|parceria6|parceria3|parceria4|parceria7|parceria8|procedimento1|procedimento2|procedimento3|procedimento4|procedimento6|procedimento7|prontuario5|prontuario6|prontuario1|prontuario2|prontuario3|prontuario4|prontuario7|prontuario8|prontuario9|prontuario10|prontuario11|prontuario14|prontuario12|prontuario13|prontuario15|prontuario16|questionario5|questionario6|questionario1|questionario2|questionario11|questionario12|questionario3|questionario4|questionario13|questionario14|questionario9|questionario10|questionario17|secao5|secao1|secao2|secao3|secao4|secao6|secao7|usuario5|usuario6|usuario1|usuario2|usuario3|usuario4|usuario7|usuario8|permissao1|permissao2|orcamento3|orcamento4|orcamento1|orcamento2|orcamento5|orcamento6|pagamento1|pagamento2'),(35,'agenda1|agenda2|agenda3|agenda4|agenda5|agenda6|agenda7|agenda8|agenda9|agenda10|agenda11|agenda12|dentista10|dentista11|dentista12|dentista13|dentista14|dentista15|campo1|campo2|campo3|areaAtuacao5|areaAtuacao6|areaAtuacao9|areaAtuacao10|areaAtuacao1|areaAtuacao2|areaAtuacao3|areaAtuacao4|areaAtuacao7|areaAtuacao8|clinica3|clinica1|clinica2|paciente5|paciente6|paciente9|paciente10|paciente11|cronometro1|cronometro2|cronometro3|cronometro4|cronometro5|cronometro6|cronometro7|cronometro8|cronometro9|cronometro10|cronometro11|cronometro12|clinicaRadiologica5|clinicaRadiologica6|clinicaRadiologica1|clinicaRadiologica2|clinicaRadiologica3|clinicaRadiologica4|clinicaRadiologica7|clinicaRadiologica8|colaborador5|colaborador6|main3|colaborador1|colaborador2|colaborador3|colaborador4|colaborador7|colaborador8|consulta4|consulta5|consulta3|desmarque5|procedimento5|procedimento9|consultorio5|consultorio6|consultorio9|secao8|secao9|consulta1|consulta2|consulta6|paciente12|paciente13|consulta9|consulta10|consulta7|consulta8|consultorio1|consultorio2|consultorio3|consultorio4|consultorio7|consultorio8|dentista5|dentista6|dentista1|dentista2|dentista9|dentista3|dentista4|dentista7|dentista8|desmarque1|desmarque2|desmarque3|desmarque4|falta3|falta4|fichaClinica1|fichaClinica2|fichaClinica3|fichaClinica4|fichaClinica5|fichaClinica6|fornecedor5|fornecedor6|fornecedor1|fornecedor2|fornecedor3|fornecedor4|fornecedor7|fornecedor8|main1|main2|paciente1|paciente2|paciente3|paciente4|paciente7|paciente8|parceria5|parceria6|parceria3|parceria4|parceria7|parceria8|procedimento1|procedimento2|procedimento3|procedimento4|procedimento6|procedimento7|prontuario5|prontuario6|prontuario1|prontuario2|prontuario3|prontuario4|prontuario7|prontuario8|prontuario9|prontuario10|prontuario11|prontuario14|prontuario12|prontuario13|prontuario15|prontuario16|questionario5|questionario6|questionario1|questionario2|questionario11|questionario12|questionario3|questionario4|questionario13|questionario14|questionario9|questionario10|questionario17|secao5|secao1|secao2|secao3|secao4|secao6|secao7|usuario5|usuario6|usuario1|usuario2|usuario3|usuario4|usuario7|usuario8|permissao1|permissao2|orcamento3|orcamento4|orcamento1|orcamento2|orcamento5|orcamento6|pagamento1|pagamento2'),(36,'agenda1|agenda2|agenda3|agenda4|agenda5|agenda6|agenda7|agenda8|agenda9|agenda10|agenda11|agenda12|dentista10|dentista11|dentista12|dentista13|dentista14|dentista15|campo1|campo2|campo3|areaAtuacao5|areaAtuacao6|areaAtuacao9|areaAtuacao10|areaAtuacao1|areaAtuacao2|areaAtuacao3|areaAtuacao4|areaAtuacao7|areaAtuacao8|clinica3|clinica1|clinica2|paciente5|paciente6|paciente9|paciente10|paciente11|cronometro1|cronometro2|cronometro3|cronometro4|cronometro5|cronometro6|cronometro7|cronometro8|cronometro9|cronometro10|cronometro11|cronometro12|clinicaRadiologica5|clinicaRadiologica6|clinicaRadiologica1|clinicaRadiologica2|clinicaRadiologica3|clinicaRadiologica4|clinicaRadiologica7|clinicaRadiologica8|colaborador5|colaborador6|main3|colaborador1|colaborador2|colaborador3|colaborador4|colaborador7|colaborador8|consulta4|consulta5|consulta3|desmarque5|procedimento5|procedimento9|consultorio5|consultorio6|consultorio9|secao8|secao9|consulta1|consulta2|consulta6|paciente12|paciente13|consulta9|consulta10|consulta7|consulta8|consultorio1|consultorio2|consultorio3|consultorio4|consultorio7|consultorio8|dentista5|dentista6|dentista1|dentista2|dentista9|dentista3|dentista4|dentista7|dentista8|desmarque1|desmarque2|desmarque3|desmarque4|falta3|falta4|fichaClinica1|fichaClinica2|fichaClinica3|fichaClinica4|fichaClinica5|fichaClinica6|fornecedor5|fornecedor6|fornecedor1|fornecedor2|fornecedor3|fornecedor4|fornecedor7|fornecedor8|main1|main2|paciente1|paciente2|paciente3|paciente4|paciente7|paciente8|parceria5|parceria6|parceria3|parceria4|parceria7|parceria8|procedimento1|procedimento2|procedimento3|procedimento4|procedimento6|procedimento7|prontuario5|prontuario6|prontuario1|prontuario2|prontuario3|prontuario4|prontuario7|prontuario8|prontuario9|prontuario10|prontuario11|prontuario14|prontuario12|prontuario13|prontuario15|prontuario16|questionario5|questionario6|questionario1|questionario2|questionario11|questionario12|questionario3|questionario4|questionario13|questionario14|questionario9|questionario10|questionario17|secao5|secao1|secao2|secao3|secao4|secao6|secao7|usuario5|usuario6|usuario1|usuario2|usuario3|usuario4|usuario7|usuario8|permissao1|permissao2|orcamento3|orcamento4|orcamento1|orcamento2|orcamento5|orcamento6|pagamento1|pagamento2'),(37,'agenda1|agenda2|agenda3|agenda4|agenda5|agenda6|agenda7|agenda8|agenda9|agenda10|agenda11|agenda12|dentista10|dentista11|dentista12|dentista13|dentista14|dentista15|campo1|campo2|campo3|areaAtuacao5|areaAtuacao6|areaAtuacao9|areaAtuacao10|areaAtuacao1|areaAtuacao2|areaAtuacao3|areaAtuacao4|areaAtuacao7|areaAtuacao8|clinica3|clinica1|clinica2|paciente5|paciente6|paciente9|paciente10|paciente11|cronometro1|cronometro2|cronometro3|cronometro4|cronometro5|cronometro6|cronometro7|cronometro8|cronometro9|cronometro10|cronometro11|cronometro12|clinicaRadiologica5|clinicaRadiologica6|clinicaRadiologica1|clinicaRadiologica2|clinicaRadiologica3|clinicaRadiologica4|clinicaRadiologica7|clinicaRadiologica8|colaborador5|colaborador6|main3|colaborador1|colaborador2|colaborador3|colaborador4|colaborador7|colaborador8|consulta4|consulta5|consulta3|desmarque5|procedimento5|procedimento9|consultorio5|consultorio6|consultorio9|secao8|secao9|consulta1|consulta2|consulta6|paciente12|paciente13|consulta9|consulta10|consulta7|consulta8|consultorio1|consultorio2|consultorio3|consultorio4|consultorio7|consultorio8|dentista5|dentista6|dentista1|dentista2|dentista9|dentista3|dentista4|dentista7|dentista8|desmarque1|desmarque2|desmarque3|desmarque4|falta3|falta4|fichaClinica1|fichaClinica2|fichaClinica3|fichaClinica4|fichaClinica5|fichaClinica6|fornecedor5|fornecedor6|fornecedor1|fornecedor2|fornecedor3|fornecedor4|fornecedor7|fornecedor8|main1|main2|paciente1|paciente2|paciente3|paciente4|paciente7|paciente8|parceria5|parceria6|parceria3|parceria4|parceria7|parceria8|procedimento1|procedimento2|procedimento3|procedimento4|procedimento6|procedimento7|prontuario5|prontuario6|prontuario1|prontuario2|prontuario3|prontuario4|prontuario7|prontuario8|prontuario9|prontuario10|prontuario11|prontuario14|prontuario12|prontuario13|prontuario15|prontuario16|questionario5|questionario6|questionario1|questionario2|questionario11|questionario12|questionario3|questionario4|questionario13|questionario14|questionario9|questionario10|questionario17|secao5|secao1|secao2|secao3|secao4|secao6|secao7|usuario5|usuario6|usuario1|usuario2|usuario3|usuario4|usuario7|usuario8|permissao1|permissao2|orcamento3|orcamento4|orcamento1|orcamento2|orcamento5|orcamento6|pagamento1|pagamento2'),(38,'agenda1|agenda2|agenda3|agenda4|agenda5|agenda6|agenda7|agenda8|agenda9|agenda10|agenda11|agenda12|dentista10|dentista11|dentista12|dentista13|dentista14|dentista15|campo1|campo2|campo3|areaAtuacao5|areaAtuacao6|areaAtuacao9|areaAtuacao10|areaAtuacao1|areaAtuacao2|areaAtuacao3|areaAtuacao4|areaAtuacao7|areaAtuacao8|clinica3|clinica1|clinica2|paciente5|paciente6|paciente9|paciente10|paciente11|cronometro1|cronometro2|cronometro3|cronometro4|cronometro5|cronometro6|cronometro7|cronometro8|cronometro9|cronometro10|cronometro11|cronometro12|clinicaRadiologica5|clinicaRadiologica6|clinicaRadiologica1|clinicaRadiologica2|clinicaRadiologica3|clinicaRadiologica4|clinicaRadiologica7|clinicaRadiologica8|colaborador5|colaborador6|main3|colaborador1|colaborador2|colaborador3|colaborador4|colaborador7|colaborador8|consulta4|consulta5|consulta3|desmarque5|procedimento5|procedimento9|consultorio5|consultorio6|consultorio9|secao8|secao9|consulta1|consulta2|consulta6|paciente12|paciente13|consulta9|consulta10|consulta7|consulta8|consultorio1|consultorio2|consultorio3|consultorio4|consultorio7|consultorio8|dentista5|dentista6|dentista1|dentista2|dentista9|dentista3|dentista4|dentista7|dentista8|desmarque1|desmarque2|desmarque3|desmarque4|falta3|falta4|fichaClinica1|fichaClinica2|fichaClinica3|fichaClinica4|fichaClinica5|fichaClinica6|fornecedor5|fornecedor6|fornecedor1|fornecedor2|fornecedor3|fornecedor4|fornecedor7|fornecedor8|main1|main2|paciente1|paciente2|paciente3|paciente4|paciente7|paciente8|parceria5|parceria6|parceria3|parceria4|parceria7|parceria8|procedimento1|procedimento2|procedimento3|procedimento4|procedimento6|procedimento7|prontuario5|prontuario6|prontuario1|prontuario2|prontuario3|prontuario4|prontuario7|prontuario8|prontuario9|prontuario10|prontuario11|prontuario14|prontuario12|prontuario13|prontuario15|prontuario16|questionario5|questionario6|questionario1|questionario2|questionario11|questionario12|questionario3|questionario4|questionario13|questionario14|questionario9|questionario10|questionario17|secao5|secao1|secao2|secao3|secao4|secao6|secao7|usuario5|usuario6|usuario1|usuario2|usuario3|usuario4|usuario7|usuario8|permissao1|permissao2|orcamento3|orcamento4|orcamento1|orcamento2|orcamento5|orcamento6|pagamento1|pagamento2'),(39,'agenda1|agenda2|agenda3|agenda4|agenda5|agenda6|agenda7|agenda8|agenda9|agenda10|agenda11|agenda12|dentista10|dentista11|dentista12|dentista13|dentista14|dentista15|campo1|campo2|campo3|areaAtuacao5|areaAtuacao6|areaAtuacao9|areaAtuacao10|areaAtuacao1|areaAtuacao2|areaAtuacao3|areaAtuacao4|areaAtuacao7|areaAtuacao8|clinica3|clinica1|clinica2|paciente5|paciente6|paciente9|paciente10|paciente11|cronometro1|cronometro2|cronometro3|cronometro4|cronometro5|cronometro6|cronometro7|cronometro8|cronometro9|cronometro10|cronometro11|cronometro12|clinicaRadiologica5|clinicaRadiologica6|clinicaRadiologica1|clinicaRadiologica2|clinicaRadiologica3|clinicaRadiologica4|clinicaRadiologica7|clinicaRadiologica8|colaborador5|colaborador6|main3|colaborador1|colaborador2|colaborador3|colaborador4|colaborador7|colaborador8|consulta1|consulta2|consulta6|desmarque5|paciente12|paciente13|procedimento5|procedimento9|consultorio5|consultorio6|consultorio9|secao8|secao9|consulta4|consulta5|consulta3|consulta9|consulta10|consulta7|consulta8|consultorio1|consultorio2|consultorio3|consultorio4|consultorio7|consultorio8|dentista5|dentista6|dentista1|dentista2|dentista9|dentista3|dentista4|dentista7|dentista8|json1|desmarque1|desmarque2|falta1|falta2|anamnese1|anamnese2|anamnese3|anamnese4|anamnese5|anamnese6|fornecedor5|fornecedor6|fornecedor1|fornecedor2|fornecedor3|fornecedor4|fornecedor7|fornecedor8|frase1|frase2|frase3|frase4|frase5|frase6|frase7|frase8|main1|main2|paciente1|paciente2|paciente3|paciente4|paciente7|paciente8|parceria5|parceria6|json2|parceria3|parceria4|parceria7|parceria8|procedimento1|procedimento2|procedimento3|procedimento4|procedimento6|procedimento7|prontuario5|prontuario6|prontuario1|prontuario2|prontuario3|prontuario4|prontuario7|prontuario8|prontuario9|prontuario10|prontuario11|prontuario14|prontuario12|prontuario13|prontuario15|prontuario16|questionario5|questionario6|questionario1|questionario2|questionario11|questionario12|questionario3|questionario4|questionario13|questionario14|questionario9|questionario10|questionario17|secao5|secao1|secao2|secao3|secao4|secao6|secao7|usuario5|usuario6|usuario1|usuario2|usuario3|usuario4|usuario7|usuario8|permissao1|permissao2|orcamento3|orcamento4|orcamento1|orcamento2|orcamento5|orcamento6|pagamento1|pagamento2'),(40,'agenda1|agenda2|agenda3|agenda4|agenda5|agenda6|agenda7|agenda8|agenda9|agenda10|agenda11|agenda12|dentista10|dentista11|dentista12|dentista13|dentista14|dentista15|campo1|campo2|campo3|areaAtuacao5|areaAtuacao6|areaAtuacao9|areaAtuacao10|areaAtuacao1|areaAtuacao2|areaAtuacao3|areaAtuacao4|areaAtuacao7|areaAtuacao8|clinica3|clinica1|clinica2|paciente5|paciente6|paciente9|paciente10|paciente11|cronometro1|cronometro2|cronometro3|cronometro4|cronometro5|cronometro6|cronometro7|cronometro8|cronometro9|cronometro10|cronometro11|cronometro12|clinicaRadiologica5|clinicaRadiologica6|clinicaRadiologica1|clinicaRadiologica2|clinicaRadiologica3|clinicaRadiologica4|clinicaRadiologica7|clinicaRadiologica8|colaborador5|colaborador6|main3|colaborador1|colaborador2|colaborador3|colaborador4|colaborador7|colaborador8|consulta4|consulta5|consulta3|desmarque5|procedimento5|procedimento9|consultorio5|consultorio6|consultorio9|secao8|secao9|consulta1|consulta2|consulta6|paciente12|paciente13|consulta9|consulta10|consulta7|consulta8|consultorio1|consultorio2|consultorio3|consultorio4|consultorio7|consultorio8|dentista5|dentista6|dentista1|dentista2|dentista9|dentista3|dentista4|dentista7|dentista8|desmarque1|desmarque2|desmarque3|desmarque4|falta3|falta4|fichaClinica1|fichaClinica2|fichaClinica3|fichaClinica4|fichaClinica5|fichaClinica6|fornecedor5|fornecedor6|fornecedor1|fornecedor2|fornecedor3|fornecedor4|fornecedor7|fornecedor8|main1|main2|paciente1|paciente2|paciente3|paciente4|paciente7|paciente8|parceria5|parceria6|parceria3|parceria4|parceria7|parceria8|procedimento1|procedimento2|procedimento3|procedimento4|procedimento6|procedimento7|prontuario5|prontuario6|prontuario1|prontuario2|prontuario3|prontuario4|prontuario7|prontuario8|prontuario9|prontuario10|prontuario11|prontuario14|prontuario12|prontuario13|prontuario15|prontuario16|questionario5|questionario6|questionario1|questionario2|questionario11|questionario12|questionario3|questionario4|questionario13|questionario14|questionario9|questionario10|questionario17|secao5|secao1|secao2|secao3|secao4|secao6|secao7|usuario5|usuario6|usuario1|usuario2|usuario3|usuario4|usuario7|usuario8|permissao1|permissao2|orcamento3|orcamento4|orcamento1|orcamento2|orcamento5|orcamento6|pagamento1|pagamento2'),(41,'agenda1|agenda2|agenda3|agenda4|agenda5|agenda6|agenda7|agenda8|agenda9|agenda10|agenda11|agenda12|dentista10|dentista11|dentista12|dentista13|dentista14|dentista15|campo1|campo2|campo3|areaAtuacao5|areaAtuacao6|areaAtuacao9|areaAtuacao10|areaAtuacao1|areaAtuacao2|areaAtuacao3|areaAtuacao4|areaAtuacao7|areaAtuacao8|clinica3|clinica1|clinica2|paciente5|paciente6|paciente9|paciente10|paciente11|cronometro1|cronometro2|cronometro3|cronometro4|cronometro5|cronometro6|cronometro7|cronometro8|cronometro9|cronometro10|cronometro11|cronometro12|clinicaRadiologica5|clinicaRadiologica6|clinicaRadiologica1|clinicaRadiologica2|clinicaRadiologica3|clinicaRadiologica4|clinicaRadiologica7|clinicaRadiologica8|colaborador5|colaborador6|main3|colaborador1|colaborador2|colaborador3|colaborador4|colaborador7|colaborador8|consulta4|consulta5|consulta3|desmarque5|procedimento5|procedimento9|consultorio5|consultorio6|consultorio9|secao8|secao9|consulta1|consulta2|consulta6|paciente12|paciente13|consulta9|consulta10|consulta7|consulta8|consultorio1|consultorio2|consultorio3|consultorio4|consultorio7|consultorio8|dentista5|dentista6|dentista1|dentista2|dentista9|dentista3|dentista4|dentista7|dentista8|desmarque1|desmarque2|desmarque3|desmarque4|falta3|falta4|fichaClinica1|fichaClinica2|fichaClinica3|fichaClinica4|fichaClinica5|fichaClinica6|fornecedor5|fornecedor6|fornecedor1|fornecedor2|fornecedor3|fornecedor4|fornecedor7|fornecedor8|main1|main2|paciente1|paciente2|paciente3|paciente4|paciente7|paciente8|parceria5|parceria6|parceria3|parceria4|parceria7|parceria8|procedimento1|procedimento2|procedimento3|procedimento4|procedimento6|procedimento7|prontuario5|prontuario6|prontuario1|prontuario2|prontuario3|prontuario4|prontuario7|prontuario8|prontuario9|prontuario10|prontuario11|prontuario14|prontuario12|prontuario13|prontuario15|prontuario16|questionario5|questionario6|questionario1|questionario2|questionario11|questionario12|questionario3|questionario4|questionario13|questionario14|questionario9|questionario10|questionario17|secao5|secao1|secao2|secao3|secao4|secao6|secao7|usuario5|usuario6|usuario1|usuario2|usuario3|usuario4|usuario7|usuario8|permissao1|permissao2|orcamento3|orcamento4|orcamento1|orcamento2|orcamento5|orcamento6|pagamento1|pagamento2'),(42,'agenda1|agenda2|agenda3|agenda4|agenda5|agenda6|agenda7|agenda8|agenda9|agenda10|agenda11|agenda12|dentista10|dentista11|dentista12|dentista13|dentista14|dentista15|areaAtuacao5|areaAtuacao6|areaAtuacao9|areaAtuacao10|clinicaRadiologica5|clinicaRadiologica6|consulta4|consulta5|consulta3|consulta7|consulta8|procedimento5|procedimento9|paciente5|paciente6|paciente9|paciente10|paciente11|prontuario5|prontuario6|prontuario1|prontuario2|prontuario3|prontuario4|prontuario11|prontuario14|prontuario12|prontuario13|questionario5|questionario6|questionario3|questionario4|questionario13|questionario14|secao5|secao8|secao9|secao1|secao2'),(43,'agenda1|agenda2|agenda3|agenda4|agenda5|agenda6|agenda7|agenda8|agenda9|agenda10|agenda11|agenda12|dentista10|dentista11|dentista12|dentista13|dentista14|dentista15|campo1|campo2|campo3|areaAtuacao5|areaAtuacao6|areaAtuacao9|areaAtuacao10|areaAtuacao1|areaAtuacao2|areaAtuacao3|areaAtuacao4|areaAtuacao7|areaAtuacao8|clinica3|clinica1|clinica2|paciente5|paciente6|paciente9|paciente10|paciente11|cronometro1|cronometro2|cronometro3|cronometro4|cronometro5|cronometro6|cronometro7|cronometro8|cronometro9|cronometro10|cronometro11|cronometro12|clinicaRadiologica5|clinicaRadiologica6|clinicaRadiologica1|clinicaRadiologica2|clinicaRadiologica3|clinicaRadiologica4|clinicaRadiologica7|clinicaRadiologica8|colaborador5|colaborador6|main3|colaborador1|colaborador2|colaborador3|colaborador4|colaborador7|colaborador8|consulta4|consulta5|consulta3|desmarque5|procedimento5|procedimento9|consultorio5|consultorio6|consultorio9|secao8|secao9|consulta1|consulta2|consulta6|paciente12|paciente13|consulta9|consulta10|consulta7|consulta8|consultorio1|consultorio2|consultorio3|consultorio4|consultorio7|consultorio8|dentista5|dentista6|dentista1|dentista2|dentista9|dentista3|dentista4|dentista7|dentista8|desmarque1|desmarque2|desmarque3|desmarque4|falta3|falta4|fichaClinica1|fichaClinica2|fichaClinica3|fichaClinica4|fichaClinica5|fichaClinica6|fornecedor5|fornecedor6|fornecedor1|fornecedor2|fornecedor3|fornecedor4|fornecedor7|fornecedor8|main1|main2|paciente1|paciente2|paciente3|paciente4|paciente7|paciente8|parceria5|parceria6|parceria3|parceria4|parceria7|parceria8|procedimento1|procedimento2|procedimento3|procedimento4|procedimento6|procedimento7|prontuario5|prontuario6|prontuario1|prontuario2|prontuario3|prontuario4|prontuario7|prontuario8|prontuario9|prontuario10|prontuario11|prontuario14|prontuario12|prontuario13|prontuario15|prontuario16|questionario5|questionario6|questionario1|questionario2|questionario11|questionario12|questionario3|questionario4|questionario13|questionario14|questionario9|questionario10|questionario17|secao5|secao1|secao2|secao3|secao4|secao6|secao7|usuario5|usuario6|usuario1|usuario2|usuario3|usuario4|usuario7|usuario8|permissao1|permissao2|orcamento3|orcamento4|orcamento1|orcamento2|orcamento5|orcamento6|pagamento1|pagamento2'),(44,'agenda1|agenda2|agenda3|agenda4|agenda5|agenda6|agenda7|agenda8|agenda9|agenda10|agenda11|agenda12|dentista10|dentista11|dentista12|dentista13|dentista14|dentista15|campo1|campo2|campo3|areaAtuacao5|areaAtuacao6|areaAtuacao9|areaAtuacao10|areaAtuacao1|areaAtuacao2|areaAtuacao3|areaAtuacao4|areaAtuacao7|areaAtuacao8|clinica3|clinica1|clinica2|paciente5|paciente6|paciente9|paciente10|paciente11|cronometro1|cronometro2|cronometro3|cronometro4|cronometro5|cronometro6|cronometro7|cronometro8|cronometro9|cronometro10|cronometro11|cronometro12|clinicaRadiologica5|clinicaRadiologica6|clinicaRadiologica1|clinicaRadiologica2|clinicaRadiologica3|clinicaRadiologica4|clinicaRadiologica7|clinicaRadiologica8|colaborador5|colaborador6|main3|colaborador1|colaborador2|colaborador3|colaborador4|colaborador7|colaborador8|consulta1|consulta2|consulta6|desmarque5|paciente12|paciente13|procedimento5|procedimento9|consultorio5|consultorio6|consultorio9|secao8|secao9|consulta4|consulta5|consulta3|consulta9|consulta10|consulta7|consulta8|consultorio1|consultorio2|consultorio3|consultorio4|consultorio7|consultorio8|dentista5|dentista6|dentista1|dentista2|dentista9|dentista3|dentista4|dentista7|dentista8|fornecedor5|fornecedor6|fornecedor1|fornecedor2|fornecedor3|fornecedor4|fornecedor7|fornecedor8|main1|main2|paciente1|paciente2|paciente3|paciente4|paciente7|paciente8|parceria5|parceria6|parceria3|parceria4|parceria7|parceria8|procedimento1|procedimento2|procedimento3|procedimento4|procedimento6|procedimento7|prontuario5|prontuario6|prontuario1|prontuario2|prontuario3|prontuario4|prontuario7|prontuario8|prontuario9|prontuario10|prontuario11|prontuario14|prontuario12|prontuario13|prontuario15|prontuario16|questionario5|questionario6|questionario1|questionario2|questionario11|questionario12|questionario3|questionario4|questionario13|questionario14|questionario9|questionario10|questionario17|secao5|secao1|secao2|secao3|secao4|secao6|secao7|usuario5|usuario6|usuario1|usuario2|usuario3|usuario4|usuario7|usuario8|permissao1|permissao2|orcamento3|orcamento4|orcamento1|orcamento2|orcamento5|orcamento6|pagamento1|pagamento2'),(45,'agenda1|agenda2|agenda3|agenda4|agenda5|agenda6|agenda7|agenda8|agenda9|agenda10|agenda11|agenda12|dentista10|dentista11|dentista12|dentista13|dentista14|dentista15|campo1|campo2|campo3|areaAtuacao5|areaAtuacao6|areaAtuacao9|areaAtuacao10|areaAtuacao1|areaAtuacao2|areaAtuacao3|areaAtuacao4|areaAtuacao7|areaAtuacao8|clinica3|clinica1|clinica2|paciente5|paciente6|paciente9|paciente10|paciente11|cronometro1|cronometro2|cronometro3|cronometro4|cronometro5|cronometro6|cronometro7|cronometro8|cronometro9|cronometro10|cronometro11|cronometro12|clinicaRadiologica5|clinicaRadiologica6|clinicaRadiologica1|clinicaRadiologica2|clinicaRadiologica3|clinicaRadiologica4|clinicaRadiologica7|clinicaRadiologica8|colaborador5|colaborador6|main3|colaborador1|colaborador2|colaborador3|colaborador4|colaborador7|colaborador8|consulta4|consulta5|consulta3|desmarque5|procedimento5|procedimento9|consultorio5|consultorio6|consultorio9|secao8|secao9|consulta1|consulta2|consulta6|paciente12|paciente13|consulta9|consulta10|consulta7|consulta8|consultorio1|consultorio2|consultorio3|consultorio4|consultorio7|consultorio8|dentista5|dentista6|dentista1|dentista2|dentista9|dentista3|dentista4|dentista7|dentista8|desmarque1|desmarque2|desmarque3|desmarque4|falta3|falta4|fichaClinica1|fichaClinica2|fichaClinica3|fichaClinica4|fichaClinica5|fichaClinica6|fornecedor5|fornecedor6|fornecedor1|fornecedor2|fornecedor3|fornecedor4|fornecedor7|fornecedor8|main1|main2|paciente1|paciente2|paciente3|paciente4|paciente7|paciente8|parceria5|parceria6|parceria3|parceria4|parceria7|parceria8|procedimento1|procedimento2|procedimento3|procedimento4|procedimento6|procedimento7|prontuario5|prontuario6|prontuario1|prontuario2|prontuario3|prontuario4|prontuario7|prontuario8|prontuario9|prontuario10|prontuario11|prontuario14|prontuario12|prontuario13|prontuario15|prontuario16|questionario5|questionario6|questionario1|questionario2|questionario11|questionario12|questionario3|questionario4|questionario13|questionario14|questionario9|questionario10|questionario17|secao5|secao1|secao2|secao3|secao4|secao6|secao7|usuario5|usuario6|usuario1|usuario2|usuario3|usuario4|usuario7|usuario8|permissao1|permissao2|orcamento3|orcamento4|orcamento1|orcamento2|orcamento5|orcamento6|pagamento1|pagamento2'),(46,'agenda1|agenda2|agenda3|agenda4|agenda5|agenda6|agenda7|agenda8|agenda9|agenda10|agenda11|agenda12|dentista10|dentista11|dentista12|dentista13|dentista14|dentista15|areaAtuacao5|areaAtuacao6|areaAtuacao9|areaAtuacao10|clinicaRadiologica5|clinicaRadiologica6|consulta4|consulta5|consulta3|consulta7|consulta8|paciente5|paciente6|paciente9|paciente10|paciente11|anamnese1|anamnese2|procedimento5|procedimento9|prontuario5|prontuario6|prontuario1|prontuario2|prontuario3|prontuario4|prontuario11|prontuario14|prontuario12|prontuario13|questionario5|questionario6|questionario3|questionario4|questionario13|questionario14|questionario9|questionario10|secao5|secao8|secao9|secao1|secao2|secao3|secao4'),(47,'agenda1|agenda2|agenda3|agenda4|agenda5|agenda6|agenda7|agenda8|agenda9|agenda10|agenda11|agenda12|dentista10|dentista11|dentista12|dentista13|dentista14|dentista15|campo1|campo2|campo3|areaAtuacao5|areaAtuacao6|areaAtuacao9|areaAtuacao10|areaAtuacao1|areaAtuacao2|areaAtuacao3|areaAtuacao4|areaAtuacao7|areaAtuacao8|clinica3|clinica1|clinica2|paciente5|paciente6|paciente9|paciente10|paciente11|cronometro1|cronometro2|cronometro3|cronometro4|cronometro5|cronometro6|cronometro7|cronometro8|cronometro9|cronometro10|cronometro11|cronometro12|clinicaRadiologica5|clinicaRadiologica6|clinicaRadiologica1|clinicaRadiologica2|clinicaRadiologica3|clinicaRadiologica4|clinicaRadiologica7|clinicaRadiologica8|colaborador5|colaborador6|main3|colaborador1|colaborador2|colaborador3|colaborador4|colaborador7|colaborador8|consulta4|consulta5|consulta3|desmarque5|procedimento5|procedimento9|consultorio5|consultorio6|consultorio9|secao8|secao9|consulta1|consulta2|consulta6|paciente12|paciente13|consulta9|consulta10|consulta7|consulta8|consultorio1|consultorio2|consultorio3|consultorio4|consultorio7|consultorio8|dentista5|dentista6|dentista1|dentista2|dentista9|dentista3|dentista4|dentista7|dentista8|desmarque1|desmarque2|desmarque3|desmarque4|falta3|falta4|fichaClinica1|fichaClinica2|fichaClinica3|fichaClinica4|fichaClinica5|fichaClinica6|fornecedor5|fornecedor6|fornecedor1|fornecedor2|fornecedor3|fornecedor4|fornecedor7|fornecedor8|main1|main2|paciente1|paciente2|paciente3|paciente4|paciente7|paciente8|parceria5|parceria6|parceria3|parceria4|parceria7|parceria8|procedimento1|procedimento2|procedimento3|procedimento4|procedimento6|procedimento7|prontuario5|prontuario6|prontuario1|prontuario2|prontuario3|prontuario4|prontuario7|prontuario8|prontuario9|prontuario10|prontuario11|prontuario14|prontuario12|prontuario13|prontuario15|prontuario16|questionario5|questionario6|questionario1|questionario2|questionario11|questionario12|questionario3|questionario4|questionario13|questionario14|questionario9|questionario10|questionario17|secao5|secao1|secao2|secao3|secao4|secao6|secao7|usuario5|usuario6|usuario1|usuario2|usuario3|usuario4|usuario7|usuario8|permissao1|permissao2|orcamento3|orcamento4|orcamento1|orcamento2|orcamento5|orcamento6|pagamento1|pagamento2'),(48,'agenda1|agenda2|agenda3|agenda4|agenda5|agenda6|agenda7|agenda8|agenda9|agenda10|agenda11|agenda12|dentista10|dentista11|dentista12|dentista13|dentista14|dentista15|campo1|campo2|campo3|areaAtuacao5|areaAtuacao6|areaAtuacao9|areaAtuacao10|areaAtuacao1|areaAtuacao2|areaAtuacao3|areaAtuacao4|areaAtuacao7|areaAtuacao8|clinica3|clinica1|clinica2|paciente5|paciente6|paciente9|paciente10|paciente11|cronometro1|cronometro2|cronometro3|cronometro4|cronometro5|cronometro6|cronometro7|cronometro8|cronometro9|cronometro10|cronometro11|cronometro12|clinicaRadiologica5|clinicaRadiologica6|clinicaRadiologica1|clinicaRadiologica2|clinicaRadiologica3|clinicaRadiologica4|clinicaRadiologica7|clinicaRadiologica8|colaborador5|colaborador6|main3|colaborador1|colaborador2|colaborador3|colaborador4|colaborador7|colaborador8|consulta4|consulta5|consulta3|desmarque5|procedimento5|procedimento9|consultorio5|consultorio6|consultorio9|secao8|secao9|consulta1|consulta2|consulta6|paciente12|paciente13|consulta9|consulta10|consulta7|consulta8|consultorio1|consultorio2|consultorio3|consultorio4|consultorio7|consultorio8|dentista5|dentista6|dentista1|dentista2|dentista9|dentista3|dentista4|dentista7|dentista8|desmarque1|desmarque2|desmarque3|desmarque4|falta3|falta4|fichaClinica1|fichaClinica2|fichaClinica3|fichaClinica4|fichaClinica5|fichaClinica6|fornecedor5|fornecedor6|fornecedor1|fornecedor2|fornecedor3|fornecedor4|fornecedor7|fornecedor8|main1|main2|paciente1|paciente2|paciente3|paciente4|paciente7|paciente8|parceria5|parceria6|parceria3|parceria4|parceria7|parceria8|procedimento1|procedimento2|procedimento3|procedimento4|procedimento6|procedimento7|prontuario5|prontuario6|prontuario1|prontuario2|prontuario3|prontuario4|prontuario7|prontuario8|prontuario9|prontuario10|prontuario11|prontuario14|prontuario12|prontuario13|prontuario15|prontuario16|questionario5|questionario6|questionario1|questionario2|questionario11|questionario12|questionario3|questionario4|questionario13|questionario14|questionario9|questionario10|questionario17|secao5|secao1|secao2|secao3|secao4|secao6|secao7|usuario5|usuario6|usuario1|usuario2|usuario3|usuario4|usuario7|usuario8|permissao1|permissao2|orcamento3|orcamento4|orcamento1|orcamento2|orcamento5|orcamento6|pagamento1|pagamento2'),(49,'agenda1|agenda2|agenda3|agenda4|agenda5|agenda6|agenda7|agenda8|agenda9|agenda10|agenda11|agenda12|dentista10|dentista11|dentista12|dentista13|dentista14|dentista15|campo1|campo2|campo3|areaAtuacao5|areaAtuacao6|areaAtuacao9|areaAtuacao10|areaAtuacao1|areaAtuacao2|areaAtuacao3|areaAtuacao4|areaAtuacao7|areaAtuacao8|clinica3|clinica1|clinica2|paciente5|paciente6|paciente9|paciente10|paciente11|cronometro1|cronometro2|cronometro3|cronometro4|cronometro5|cronometro6|cronometro7|cronometro8|cronometro9|cronometro10|cronometro11|cronometro12|clinicaRadiologica5|clinicaRadiologica6|clinicaRadiologica1|clinicaRadiologica2|clinicaRadiologica3|clinicaRadiologica4|clinicaRadiologica7|clinicaRadiologica8|colaborador5|colaborador6|main3|colaborador1|colaborador2|colaborador3|colaborador4|colaborador7|colaborador8|consulta4|consulta5|consulta3|desmarque5|procedimento5|procedimento9|consultorio5|consultorio6|consultorio9|secao8|secao9|consulta1|consulta2|consulta6|paciente12|paciente13|consulta9|consulta10|consulta7|consulta8|consultorio1|consultorio2|consultorio3|consultorio4|consultorio7|consultorio8|dentista5|dentista6|dentista1|dentista2|dentista9|dentista3|dentista4|dentista7|dentista8|desmarque1|desmarque2|desmarque3|desmarque4|falta3|falta4|fichaClinica1|fichaClinica2|fichaClinica3|fichaClinica4|fichaClinica5|fichaClinica6|fornecedor5|fornecedor6|fornecedor1|fornecedor2|fornecedor3|fornecedor4|fornecedor7|fornecedor8|main1|main2|paciente1|paciente2|paciente3|paciente4|paciente7|paciente8|parceria5|parceria6|parceria3|parceria4|parceria7|parceria8|procedimento1|procedimento2|procedimento3|procedimento4|procedimento6|procedimento7|prontuario5|prontuario6|prontuario1|prontuario2|prontuario3|prontuario4|prontuario7|prontuario8|prontuario9|prontuario10|prontuario11|prontuario14|prontuario12|prontuario13|prontuario15|prontuario16|questionario5|questionario6|questionario1|questionario2|questionario11|questionario12|questionario3|questionario4|questionario13|questionario14|questionario9|questionario10|questionario17|secao5|secao1|secao2|secao3|secao4|secao6|secao7|usuario5|usuario6|usuario1|usuario2|usuario3|usuario4|usuario7|usuario8|permissao1|permissao2|orcamento3|orcamento4|orcamento1|orcamento2|orcamento5|orcamento6|pagamento1|pagamento2'),(50,'agenda1|agenda2|agenda3|agenda4|agenda5|agenda6|agenda7|agenda8|agenda9|agenda10|agenda11|agenda12|dentista10|dentista11|dentista12|dentista13|dentista14|dentista15|campo1|campo2|campo3|areaAtuacao5|areaAtuacao6|areaAtuacao9|areaAtuacao10|areaAtuacao1|areaAtuacao2|areaAtuacao3|areaAtuacao4|areaAtuacao7|areaAtuacao8|clinica3|clinica1|clinica2|paciente5|paciente6|paciente9|paciente10|paciente11|cronometro1|cronometro2|cronometro3|cronometro4|cronometro5|cronometro6|cronometro7|cronometro8|cronometro9|cronometro10|cronometro11|cronometro12|clinicaRadiologica5|clinicaRadiologica6|clinicaRadiologica1|clinicaRadiologica2|clinicaRadiologica3|clinicaRadiologica4|clinicaRadiologica7|clinicaRadiologica8|colaborador5|colaborador6|main3|colaborador1|colaborador2|colaborador3|colaborador4|colaborador7|colaborador8|consulta1|consulta2|consulta6|desmarque5|paciente12|paciente13|procedimento5|procedimento9|consultorio5|consultorio6|consultorio9|secao8|secao9|consulta4|consulta5|consulta3|consulta9|consulta10|consulta7|consulta8|consultorio1|consultorio2|consultorio3|consultorio4|consultorio7|consultorio8|dentista5|dentista6|dentista1|dentista2|dentista9|dentista3|dentista4|dentista7|dentista8|json1|desmarque1|desmarque2|desmarque3|desmarque4|falta1|falta2|falta3|falta4|anamnese1|anamnese2|anamnese3|anamnese4|anamnese5|anamnese6|fornecedor5|fornecedor6|fornecedor1|fornecedor2|fornecedor3|fornecedor4|fornecedor7|fornecedor8|frase1|frase2|frase3|frase4|frase5|frase6|frase7|frase8|frase9|frase10|main1|main2|paciente1|paciente2|paciente3|paciente4|paciente7|paciente8|parceria5|parceria6|parceria3|parceria4|parceria7|parceria8|procedimento1|procedimento2|procedimento3|procedimento4|procedimento6|procedimento7|prontuario5|prontuario6|prontuario1|prontuario2|prontuario3|prontuario4|prontuario7|prontuario8|prontuario9|prontuario10|prontuario11|prontuario14|prontuario12|prontuario13|prontuario15|prontuario16|questionario5|questionario6|questionario1|questionario2|questionario11|questionario12|questionario3|questionario4|questionario13|questionario14|questionario9|questionario10|questionario17|secao5|secao1|secao2|secao3|secao4|secao6|secao7|usuario5|usuario6|usuario1|usuario2|usuario3|usuario4|usuario7|usuario8|permissao1|permissao2|orcamento3|orcamento4|orcamento1|orcamento2|orcamento5|orcamento6|pagamento1|pagamento2'),(51,'');
/*!40000 ALTER TABLE `usuario_permissao` ENABLE KEYS */;
UNLOCK TABLES;
/*!40103 SET TIME_ZONE=@OLD_TIME_ZONE */;

/*!40101 SET SQL_MODE=@OLD_SQL_MODE */;
/*!40014 SET FOREIGN_KEY_CHECKS=@OLD_FOREIGN_KEY_CHECKS */;
/*!40014 SET UNIQUE_CHECKS=@OLD_UNIQUE_CHECKS */;
/*!40101 SET CHARACTER_SET_CLIENT=@OLD_CHARACTER_SET_CLIENT */;
/*!40101 SET CHARACTER_SET_RESULTS=@OLD_CHARACTER_SET_RESULTS */;
/*!40101 SET COLLATION_CONNECTION=@OLD_COLLATION_CONNECTION */;
/*!40111 SET SQL_NOTES=@OLD_SQL_NOTES */;

-- Dump completed on 2016-02-23  4:48:14
